1.00500,8.07900,-65.77366,3725.65012,-22.92618
29.50500,-156.15606,-382.69453,-9464.06619,1257.52531
58.50500,-104.57184,-85.89562,1006.38298,352.67292
87.00500,3.14815,-321.07103,-7735.93381,1111.18800
116.00500,-82.19339,-346.85229,2556.61939,216.09143
144.50500,751.87795,114.06636,-34547.39953,4964.73725
173.50500,682.84613,-50.05338,-38918.55792,4618.40560
202.00500,783.35950,163.74245,-30328.72340,5379.35963
231.00500,652.88177,-104.75995,-26135.46099,5554.96441
259.50500,844.80541,292.01995,-41358.27423,4257.44023
288.50500,803.46218,-97.21422,-41078.72340,4713.52486
317.00500,663.12275,168.14413,-32641.37116,5474.47889
346.00500,677.15669,-66.40247,-42044.44444,5586.67083
374.50500,778.42866,136.70357,-31192.78960,4640.35620
403.50500,669.95007,-70.80415,-40468.79433,5386.67650
432.00500,799.28992,179.46273,-29972.93144,4364.75426
461.00500,771.98063,133.55951,-42069.85816,5352.53113
489.50500,641.88219,-115.44975,-33022.57683,4540.35904
518.50500,768.56697,151.79504,-41739.47991,5315.94680
547.00500,615.33149,-135.57171,-31345.27187,4367.19322
576.00500,773.11852,197.06945,-39350.59102,5096.44083
604.50500,661.22627,-6.66540,-31523.16785,4362.31531
633.50500,767.42908,219.07784,-39960.52009,5147.65889
662.00500,649.08881,-6.66540,-30303.30969,4269.63501
691.00500,767.42908,267.49631,-27482.38771,4013.54471
719.50500,633.53768,24.77516,-35995.98109,4835.47262
748.50500,607.36628,-22.38568,-37139.59811,4989.12680
777.01000,741.25767,266.23869,-27101.18203,4237.92859
806.01000,743.53345,298.93687,-32590.54374,4801.32725
834.51000,645.67515,110.29349,-25144.32624,4108.66396
863.51000,616.46937,55.58691,-24966.43026,4113.54187
892.01000,729.87880,288.87589,-35208.15603,4918.39710
921.01000,756.42950,339.18079,-30760.75650,4691.57426
949.51000,648.33022,137.33238,-25042.67139,4152.56516
978.51000,600.53895,68.16314,-31370.68558,4803.76620
1007.01000,750.74007,358.04513,-23162.05674,3981.83829
1036.01000,606.60768,67.53433,-25220.56738,4050.12904
1064.51000,731.39598,322.83170,-33607.09220,4974.49307
1093.51000,635.81346,154.31028,-34344.08983,5028.15008
1122.01000,761.73964,416.52457,-22704.60993,3933.05919
1151.01000,748.46429,395.77380,-22780.85106,5054.97859
1179.51000,550.09262,3.39558,-34674.46809,3845.25680
1208.51000,718.49993,323.46051,-22323.40426,3794.03874
1237.01000,525.81769,-56.34149,-32793.85343,4769.62083
1266.01000,684.36331,244.23029,-22577.54137,3779.40501
1294.51000,564.50586,3.39558,-32692.19858,4723.28068
1323.51000,646.81303,146.13574,-25703.42790,4074.51859
1352.01000,526.57628,-96.58541,-33429.19622,4801.32725
1381.01000,514.05952,-132.42765,-34954.01891,4947.66456
1409.51000,646.81303,124.75615,-25068.08511,4037.93426
1438.51000,536.43797,-107.90401,-34852.36407,4928.15292
1467.01000,669.57078,153.05266,-25322.22222,4067.20172
1496.01000,527.33487,214.04735,-33683.33333,4825.71680
1524.51000,701.43162,-135.57171,-18079.31442,3515.99784
1553.51500,509.12868,-182.73255,-23924.46809,4108.66396
1582.01500,662.36416,137.33238,-32209.33806,4847.66739
1611.01500,644.53726,-111.04807,-32920.92199,4918.39710
1639.51500,-48.05677,126.20242,3763.77069,-329.50285
1668.51500,-47.29818,-102.05607,3484.21986,-295.35748
1697.01500,105.93730,148.83962,-5588.47518,526.57043
1726.01500,65.35266,102.30759,3153.84161,-249.01733
1754.51500,-45.02240,-125.32208,-5944.26714,585.10536
1783.51500,-33.64353,-107.71537,-6579.60993,616.81178
1812.01500,83.17956,124.31598,3026.77305,-241.70046
1841.01500,117.69547,190.34117,-4953.13239,450.96282
1869.51500,-8.61001,-75.01718,4856.56028,-402.67151
1898.51500,-25.67832,-107.71537,-5308.92435,509.49775
1927.01500,87.46560,169.08735,5707.91962,-486.81546
1956.01500,13.12363,23.20314,625.17730,-25.85293
1984.51500,150.42869,271.58358,8554.25532,-689.24875
2013.51500,137.91193,270.32596,-2576.95035,257.06588
2042.01500,24.50251,18.17265,9774.11348,-747.78367
2071.01500,30.57124,45.84034,-620.09456,108.28961
2099.51500,171.28996,344.52569,10231.56028,-859.97561
2128.51500,134.49827,265.92428,9240.42553,-777.05113
2157.01500,-14.56496,-52.25422,-2932.74232,305.84498
2186.01500,-8.49622,-49.11016,-2856.50118,279.01648
2214.51500,88.60349,153.99588,8554.25532,-789.24591
2243.51500,72.59721,149.78284,5682.50591,-462.42591
2272.01500,-44.60518,-97.33998,-4902.30496,426.32937
2301.02000,-24.50251,-53.95201,-2869.20804,265.35833
2329.52000,99.14791,188.14033,4221.21749,-319.99092
2358.52000,96.11354,-28.79956,-3631.61939,321.45430
2387.02000,-8.57208,184.99627,5466.48936,-454.13346
2416.02000,-24.50251,-72.81634,5059.86998,-407.79331
2444.52000,107.49241,195.05725,-5359.75177,489.74221
2473.52000,-34.74349,-114.94670,-7926.53664,719.00400
2502.02000,99.52720,171.16242,3967.08038,-324.86884
2531.02000,67.66636,82.50004,2584.57447,-216.09143
2559.52000,-80.75206,-168.45854,-5471.57210,488.76663
2588.52000,-93.26882,-203.04315,831.02837,659.49349
2617.02000,36.45032,39.67799,-7479.25532,-79.50994
2646.02000,41.76046,70.48974,-1329.13712,108.28961
2674.52000,-111.47502,-239.51421,-12968.61702,1174.11304
2703.52000,-134.99136,-291.07673,-13375.23641,1174.11304
2732.02000,12.93398,11.38148,-2930.20095,254.62692
2761.02000,-2.61714,-30.12006,-3209.75177,274.13857
2789.52000,-134.99136,-313.08512,-13908.92435,1213.13633
2818.52000,-153.19755,-347.04093,-15001.71395,1318.01140
2847.02000,20.51990,10.75267,-2066.13475,179.01931
2876.02000,-104.64770,-247.05994,-9842.73050,886.31633
2904.52000,70.20764,112.62010,2381.26478,-199.01875
2933.52000,22.79567,15.78316,-3184.33806,274.13857
2962.02000,-114.50939,-282.90218,-13070.27187,1088.74961
2991.02000,17.10624,-3.08118,-3336.82033,288.77230
3019.52000,-133.09488,-317.48680,-12739.89362,1122.89498
3048.52000,-143.33586,-338.23757,-14213.88889,1247.28170
3077.02500,43.27764,48.48135,-465.07092,37.55991
3106.02500,-45.47756,-143.93490,398.99527,-35.60875
3134.52500,52.38074,62.94401,-7530.08274,654.61558
3163.52500,85.00018,137.14373,1644.26714,-145.36173
3192.02500,-32.96080,-106.20622,-7885.87470,700.95573
3221.02500,64.13891,99.41506,-515.89835,47.31573
3249.52500,-89.09657,-227.56679,-12282.44681,1069.23797
3278.52500,-88.71727,-247.68875,-12434.92908,1003.38618
3307.02500,34.17455,9.49505,-2345.68558,203.40887
3336.02500,-99.33756,-259.63617,-3082.68322,978.99663
3364.52500,45.93271,40.93561,-11265.89835,257.06588
3393.52500,59.20807,61.68638,-11520.03546,1003.38618
3422.02500,-83.02784,-226.93798,-2828.54610,225.35946
3451.02500,-73.16615,-208.70246,-8597.45863,749.73483
3479.52500,65.65609,72.37618,348.16785,-50.24248
3508.52500,58.82877,57.28471,-1151.24113,88.77797
3537.02500,-59.89080,-180.40595,-10173.10875,878.99946
3566.02500,-6.03080,-67.84873,-5827.36407,510.71722
3594.52500,-122.09530,-331.32065,-17111.05201,1496.05513
3623.52500,20.51990,-18.17265,-6157.74232,510.71722
3652.02500,-99.71685,-269.69715,-16679.01891,1439.95916
3681.02500,-111.85432,-303.65295,-17339.77541,1510.68886
3709.52500,21.27849,-28.86244,-7072.63593,600.95857
3738.52500,24.31286,-13.14216,-6488.12057,571.69110
3767.02500,-94.02742,-267.18190,-16653.60520,1439.95916
3796.02500,-104.26840,-282.27337,-17466.84397,1498.49409
3824.52500,6.48596,-62.18943,-9283.62884,783.88021
3853.53000,-89.09657,-248.94638,-5141.19385,391.20842
3882.03000,70.58694,77.40667,-16679.01891,1425.32543
3911.03000,-117.16446,-323.77491,-20313.17967,1666.78200
3939.53000,22.79567,-27.60481,-8292.49409,688.76095
3968.53000,-149.40459,-368.42051,-19652.42317,1708.24424
3997.03000,22.79567,-30.12006,-6233.98345,532.66782
4026.03000,54.65652,47.85254,-6386.46572,539.98469
4054.53000,-109.19924,-284.78862,-17111.05201,1488.73827
4083.53000,-99.33756,-271.58358,-17161.87943,1481.42140
4112.03000,89.93102,110.73366,-5700.29551,476.57185
4141.03000,-54.95995,-194.86861,-15077.95508,1308.25558
4169.53000,77.41426,66.71687,-4683.74704,391.20842
4198.53000,107.37863,138.40136,-1354.55083,100.97275
4227.03000,-67.85601,-227.56679,-16450.29551,1413.13065
4256.03000,-61.40798,-217.50581,-17034.81087,1454.59289
4284.53000,58.07018,23.95771,-6259.39716,513.15618
4313.53000,54.65652,19.55603,-16399.46809,1415.56961
4342.03000,-67.09742,-218.76344,-6106.91489,493.64454
4371.03000,-53.82207,-196.12623,-6589.77541,547.30155
4399.53000,54.65652,21.44246,-15408.33333,1322.88931
4428.53000,-42.82249,-174.74665,-12765.30733,1078.99379
4457.03000,86.13806,76.14904,-5827.36407,469.25498
4486.03000,103.20637,114.50653,-5598.64066,449.74334
4514.53000,-52.30488,-198.64148,-16501.12293,1415.56961
4543.53000,-40.54672,-193.61099,-14290.13002,1144.84558
4572.03000,98.65482,110.10485,-4505.85106,359.50200
4601.03000,51.24286,10.75267,-5471.57210,454.62125
4629.53500,-64.82164,-218.13462,-14722.16312,1266.79334
4658.53500,-1.47925,-99.91811,-9664.83452,820.46454
4687.03500,-133.09488,-358.98835,-20008.21513,1732.63379
4716.03500,-84.54502,-266.55309,-16679.01891,1437.52021
4744.53500,58.82877,20.18484,-5141.19385,413.15901
4773.53500,47.07060,-11.88453,-15205.02364,1310.69454
4802.03500,-77.71770,-260.26498,-6564.36170,547.30155
4831.03500,38.72610,-27.60481,-15052.54137,1303.37767
4859.53500,-76.20052,-276.61407,-5776.53664,483.88872
4888.53500,-102.75122,-299.25128,-13959.75177,1213.13633
4917.03500,44.03624,-10.62691,-6640.60284,561.93528
4946.03500,-54.95995,-206.81602,-15281.26478,1327.76722
4974.53500,79.31074,61.68638,-2091.54846,166.82454
5003.53500,95.62046,103.81674,-515.89835,22.92618
5032.03500,-58.37362,-218.76344,-13095.68558,1110.70021
5061.03500,-56.85643,-213.10413,-4861.64303,388.76946
5089.53500,89.93102,62.94401,-14900.05910,1281.42707
5118.53500,75.89708,47.22373,-13985.16548,1203.38051
5147.03500,-57.99432,-211.84651,-6233.98345,439.98752
5176.03500,76.27637,44.70848,-5598.64066,420.47588
5204.53500,-12.47883,-131.35867,-12943.20331,1100.94439
5233.53500,-42.44319,-191.72455,-5649.46809,457.06021
5262.03500,94.86187,70.48974,-14086.82033,1200.94155
5291.03500,-67.47671,-247.68875,-16246.98582,1403.37483
5319.53500,78.17285,34.01869,-3667.19858,281.45543
5348.53500,-91.75164,-288.56148,-14874.64539,1288.74394
5377.04000,105.10285,6.35099,-4327.95508,383.89155
5406.04000,-101.61333,-321.88848,-15713.29787,1369.22946
5434.54000,19.00272,-87.34188,-8368.73522,708.27260
5463.54000,45.17412,-35.77936,-5700.29551,452.18230
5492.04000,-54.58066,-243.91589,-13324.40898,1147.28454
5521.04000,-95.54460,-303.02414,-6462.70686,542.42364
5549.54000,28.48511,-59.04538,-18000.53191,1581.41856
5578.54000,43.65694,-44.58272,-18508.80615,1632.63662
5607.04000,-95.92389,-314.34275,-8292.49409,727.78424
5636.04000,-95.16530,-319.37324,-17593.91253,1564.34588
5664.54000,51.62215,-33.26412,-7987.52955,718.02842
5693.54000,-79.23488,-299.88009,-15230.43735,1364.35155
5722.04000,65.65609,-24.46076,-6462.70686,574.13006
5751.04000,108.13722,42.19324,-7657.15130,691.19991
5779.54000,-53.44277,-281.64456,-18839.18440,1666.78200
5808.54000,56.17370,-47.72677,-5700.29551,508.27827
5837.04000,-79.99347,-311.19869,-18585.04728,1632.63662
5866.04000,12.17539,-151.48063,-11570.86288,1010.70304
5894.54000,-122.09530,-394.83059,-20059.04255,1791.16871
5923.54000,-86.06220,-330.06303,-10655.96927,920.46170
5952.04000,41.38117,-82.31139,-18839.18440,1666.78200
5981.04000,-103.88910,-362.76121,-22447.93144,2010.67468
6009.54000,70.20764,-21.94551,-9486.93853,813.14767
6038.54000,58.07018,-48.35559,-18890.01182,1676.53782
6067.04000,-79.99347,-326.29016,-9614.00709,857.04886
6096.04000,29.24370,-325.03254,-21278.90071,1781.41289
6124.54000,-65.20094,-123.18412,-11189.65721,974.11871
6153.54500,-56.85643,-282.90218,-7072.63593,610.71439
6182.04500,65.65609,-50.87083,-19703.25059,1737.51170
6211.04500,-23.85770,-230.08204,-17212.70686,1515.56677
6239.54500,106.24074,25.84414,-8521.21749,749.73483
6268.54500,0.41723,-195.49742,-18737.52955,1654.58722
6297.04500,105.10285,18.29841,-9207.38771,803.39185
6326.04500,-46.61545,-279.75813,-21202.65957,1864.33737
6354.54500,85.00018,-16.28621,-9410.69740,810.70872
6383.54500,-21.20263,-221.90749,-8953.25059,769.24648
6412.04500,89.17243,-6.22523,-17492.25768,1532.63946
6441.04500,-32.96080,-248.31756,-19194.97636,1661.90409
6469.54500,149.48045,112.62010,-3514.71631,288.77230
6498.54500,124.82623,60.42876,-13629.37352,415.59797
6527.04500,17.10624,-160.91280,-4734.57447,1191.18573
6556.04500,2.69300,-184.80763,-13324.40898,1176.55200
6584.54500,105.48215,15.78316,-5217.43499,471.69394
6613.54500,-12.47883,-216.24819,-6716.84397,600.95857
6642.04500,110.03370,13.89673,-15865.78014,1408.25274
6671.04500,118.37820,35.27631,-7174.29078,642.42080
6699.54500,8.38244,-194.23980,-17390.60284,1532.63946
6728.54500,-5.27221,-238.88540,-16196.15839,1352.15677
6757.04500,124.44693,36.53393,-7021.80851,581.44692
6786.04500,29.62300,-152.73825,-12612.82506,1110.70021
6814.54500,144.54961,81.17953,-2167.78960,188.77513
6843.54500,178.68623,150.97758,-338.00236,35.12096
6872.04500,35.31243,-137.64678,-10757.62411,952.16812
6901.04500,147.96327,90.61170,-3184.33806,271.69961
6929.55000,19.76131,-171.60259,-13298.99527,1174.11304
6958.55000,-2.99644,-240.14302,-15382.91962,1325.32827
6987.05000,112.30947,-14.39978,-7174.29078,532.66782
7016.05000,4.21018,-223.16511,-15814.95272,1278.98812
7044.55000,13468.45053,30498.03752,4991702.77778,-285251.91004
7073.55000,171.85890,147.20471,-6538.94799,422.91484
7102.05000,20.51990,-145.82133,-15916.60757,1257.03752
7131.05000,-4.13432,-209.96008,39281.97400,510.71722
7159.55000,7915.18153,8387.14739,-22981.61939,5417.89512
7188.55000,-39.02953,-297.36484,-18025.94563,1430.20334
7217.05000,100.35999,50.14532,13.96050,2.36830
7246.05000,130.53437,64.83331,20.00742,17.75001
7274.55000,-116.29206,-61.68957,-12.50573,-7.15372
7303.55000,-144.05249,-71.48156,-23.54793,-16.10604
7332.05000,75.01351,36.48807,14.04813,16.77340
7361.05000,-150.08737,-76.11988,-19.34138,-12.28096
7389.55000,82.25536,44.47627,23.24997,25.64434
7418.55000,63.54724,34.94196,17.55360,20.19156
7447.05000,-217.07449,-99.56913,-15.39774,-8.78141
7476.05000,-209.83264,-97.76534,-19.34138,-12.36234
7504.55000,18.28567,18.19250,16.50196,19.05217
7533.55000,-78.87583,-29.99443,14.57395,17.58724
7562.05000,56.90888,44.73396,-11.01591,-6.25849
7591.05000,-119.91299,-53.95905,-19.34138,-12.28096
7619.55000,94.92860,52.72216,11.59431,14.82016
7648.55000,65.35771,39.58027,-24.07375,7.08861
7677.05500,-184.48616,-80.75819,2.65539,-16.35020
7706.05500,-147.67341,-59.11273,-17.06283,-10.40911
7734.55500,50.27052,38.54954,13.17177,16.28509
7763.55500,-215.86751,-91.32324,-25.65121,-17.32681
7792.05500,58.71934,41.89943,8.52703,12.70416
7821.05500,-183.27918,-66.32788,-28.36794,-22.37267
7849.55500,-7.06080,13.29650,-1.98935,6.11199
7878.55500,-273.19884,-124.04912,4.23284,12.54139
7907.05500,11.04382,20.51165,-43.52906,-28.55791
7936.05500,13.45777,-93.12703,8.52703,16.61063
7964.55500,-221.29890,27.72681,-25.47594,-14.96666
7993.55500,-235.17912,-92.61166,-24.33666,-12.68788
8022.05500,-2.23290,23.60386,2.56775,11.48339
8051.05500,-250.86979,-99.56913,-24.68721,-12.93204
8079.55500,5.00895,33.39586,4.14521,10.99508
8108.55500,-55.33981,8.40050,-0.76244,-19.76836
8137.05500,-281.64766,-110.90723,-29.15667,4.97261
8166.05500,-265.95698,-95.18850,-25.38830,-15.69912
8194.55500,6.21592,37.00343,7.12485,13.76216
8223.55500,-101.80836,-12.98728,-8.38682,-0.48017
8252.05500,166.74362,114.82403,25.17797,26.70234
8281.05500,29.14845,45.24932,-16.44938,-10.32773
8309.55500,-170.00246,-51.12452,16.76487,19.94740
8338.55500,-173.01989,40.35333,13.25941,16.69201
8367.05500,48.46005,-62.97799,-21.97048,-14.31558
8396.05500,-153.10480,-61.68957,2.12957,7.49554
8424.55500,18.28567,12.26576,-22.32102,-13.99004
8453.56000,24.92404,11.49271,2.56775,9.53015
8482.06000,-179.05477,-91.06555,-28.98140,-19.68697
8511.06000,-170.00246,-102.14597,-30.82177,-21.39605
8539.56000,67.77166,15.87334,4.23284,13.35524
8568.56000,36.99379,-1.39149,-8.91263,1.06614
8597.06000,-147.67341,-92.35397,-37.39450,-26.19775
8626.06000,-80.68629,-70.45083,-31.96104,-20.50082
8654.56000,145.01807,36.48807,-3.30390,10.18123
8683.56000,-77.06537,-79.46977,-37.83269,-23.91898
8712.06000,100.35999,6.85440,-6.10827,6.92584
8741.06000,184.84825,45.50701,2.83066,18.56386
8769.56000,-92.75604,-94.15776,-35.46650,-21.80298
8798.56000,-63.78864,-86.16956,-45.45707,-28.72068
8827.06000,128.72390,-5.51444,-17.93920,-0.88709
8856.06000,1.99151,-72.51230,-43.61670,-25.46529
8884.56000,154.67387,-0.87613,-19.86720,-1.13125
8913.56000,13.45777,-70.70851,-41.25051,-22.61682
8942.06000,252.43886,43.70322,-12.94391,5.94923
8971.06000,275.37139,52.72216,-39.14724,-18.30343
8999.56000,71.99607,-57.30894,-11.97991,10.99508
9028.56000,307.95972,58.90658,-0.14898,23.20279
9057.06000,110.01579,-45.71316,-35.02832,-13.58312
9086.06000,79.23792,-62.20494,-44.31779,-22.45405
9114.56000,355.63524,73.85226,-10.49009,14.25047
9143.56000,355.63524,79.52131,-4.70608,19.37771
9172.06000,146.82853,-37.46727,-40.46178,-17.16404
9201.06000,249.42142,11.49271,-17.93920,8.22800
9229.56500,14.06126,-115.80323,-50.62762,-24.57006
9258.56500,62.34027,-87.71566,-45.63234,5.70507
9287.06500,283.82022,24.89228,-20.30538,-23.18652
9316.06500,317.61552,40.86869,-16.62465,-15.69912
9344.56500,113.03323,-71.73925,-42.03924,11.72754
9373.56500,100.96347,-78.43903,-48.52434,-19.84974
9402.06500,357.44570,53.49521,-24.59957,6.92584
9431.06500,391.24101,69.72931,-19.95484,11.64616
9459.56500,132.94832,-54.21673,-44.84361,-18.22205
9488.56500,87.68675,-81.27356,-25.47594,1.31029
9517.06500,260.28420,7.11208,-55.79818,-29.04622
9546.06500,140.19017,-49.83610,-53.51963,-25.87221
9574.56500,383.99916,79.26362,-20.56829,4.32153
9603.56500,397.87937,91.63246,-46.42107,4.64707
9632.06500,195.10754,-16.07949,-20.04247,-20.82636
9661.06500,178.20989,-26.38685,-14.69665,12.94831
9689.56500,432.27817,104.77435,-51.15344,-25.38390
9718.56500,368.30848,76.94447,-52.20508,-27.90683
9747.06500,129.93088,-40.30179,-19.42902,4.40292
9776.06500,166.74362,-16.33717,-43.35379,-19.52420
9804.56500,295.88997,49.62995,-12.15519,9.20462
9833.56500,201.74590,7.62745,-37.48214,-13.58312
9862.06500,382.18870,98.58993,-5.93299,16.69201
9891.06500,354.42827,-11.95654,-9.26318,13.43662
9919.56500,150.44946,97.04382,-37.74505,-15.04804
9948.56500,390.63752,4.27756,-44.49306,-21.64021
9977.06500,168.55409,115.08171,-7.51045,13.84355
10006.07000,362.27360,100.65140,-40.72469,-14.64112
10034.57000,135.96576,-1.39149,-11.45409,10.01846
10063.57000,138.37971,-2.42223,-32.74977,-11.06019
10092.07000,356.84222,102.71287,-3.30390,16.28509
10121.07000,142.00063,0.15461,-0.23662,19.21494
10149.57000,357.44570,106.83582,-31.61049,-9.59526
10178.57000,380.98172,32.88049,-31.69813,-10.24634
10207.07000,195.71103,126.67749,3.70702,23.28418
10236.07000,215.62612,46.79543,-0.06135,-1.78233
10264.57000,405.12122,140.07707,-21.88284,20.67987
10293.57000,359.85965,117.91623,-8.82500,12.54139
10322.07000,170.96804,26.95375,-36.16759,-12.68788
10351.07000,153.46690,16.13102,-30.29595,-7.31649
10379.57000,334.51317,110.18571,0.28920,19.54048
10408.57000,367.70499,126.67749,4.58339,23.77249
10437.07000,166.74362,33.13817,-26.00176,-4.46802
10466.07000,256.66327,76.68678,-11.19118,8.87908
10494.57000,77.42746,-8.34896,-41.68869,-18.46620
10523.57000,119.67159,19.48092,-11.10355,9.28600
10552.07000,304.33880,106.57814,-53.60726,-41.41670
10581.07000,254.85281,76.17141,-17.15047,3.67045
10609.57000,6.21592,-42.10558,-54.13308,-29.61591
10638.57000,94.32511,2.21608,-15.83592,5.46092
10667.07000,317.01203,111.98950,-45.01888,-21.07051
10696.07000,222.86797,-37.46727,-49.40071,-25.87221
10724.57000,6.21592,68.95626,-9.26318,10.09985
10753.57500,236.74818,74.62531,-7.15990,11.97170
10782.07500,-30.59682,-55.76283,-45.01888,-22.29128
10811.07500,-17.92358,-47.00158,-44.05488,-21.39605
10839.57500,202.95288,63.02953,-2.86571,15.06432
10868.57500,247.00747,86.99415,-4.88135,13.76216
10897.07500,41.21820,-13.24496,-40.37415,-17.89651
10926.07500,183.03779,60.19500,-21.35702,-0.56155
10954.57500,-87.92814,-71.73925,-57.11272,-32.78992
10983.57500,126.30995,39.58027,-17.85156,1.63583
11012.07500,-51.71889,-51.12452,-51.67926,-28.06960
11041.07500,-34.21775,-35.66348,-29.68249,-8.13034
11069.57500,179.41686,60.19500,-60.88109,-35.55700
11098.57500,59.32283,-0.87613,-53.95781,-29.77868
11127.07500,220.45402,84.15962,-23.02211,-2.43340
11156.07500,17.68219,-16.59485,-52.55562,-28.55791
11184.57500,188.46918,73.07920,-25.56357,-4.54941
11213.57500,73.80653,20.51165,-40.98760,-17.89651
11242.07500,239.76562,103.22824,-17.50101,2.77522
11271.07500,288.04463,132.34654,-13.11919,6.84446
11299.57500,55.70191,17.67713,-47.99852,-24.32590
11328.57500,247.61096,115.85476,-45.89525,-23.10513
11357.07500,23.71706,5.30829,-1.28826,20.19156
11386.07500,184.84825,80.29436,-43.96724,-16.59435
11414.57500,-40.85611,-25.35611,-19.95484,4.64707
11443.57500,-81.89327,-43.65168,-34.23959,-10.73465
11472.07500,151.65643,77.45983,-1.11298,19.54048
11501.07500,-46.89099,-19.17170,-30.73413,-6.90957
11529.58000,157.08782,82.09815,-1.02535,20.11017
11558.58000,142.60412,76.68678,0.02629,20.59848
11587.08000,-94.56651,-40.55947,-37.04396,-15.37358
11616.08000,107.60184,69.98700,-38.44614,-18.46620
11644.58000,-113.27462,-43.13631,-11.97991,6.76307
11673.58000,107.60184,71.01773,3.96993,21.73787
11702.08000,-59.56423,-9.63738,-25.30066,-4.46802
11731.08000,-120.51647,-38.49800,-37.92032,3.75184
11759.58000,105.79138,69.21394,-10.84064,-19.68697
11788.58000,-122.93042,-43.65168,-2.42753,-13.58312
11817.08000,108.80881,71.53310,-30.38358,11.72754
11846.08000,78.63443,54.78364,-38.35851,6.19338
11874.58000,-118.70601,-42.87863,-8.38682,-19.36143
11903.58000,-131.98274,-49.83610,-34.67777,-16.75712
11932.08000,103.37743,69.98700,5.81030,18.72663
11961.08000,-72.23747,-13.50265,-19.34138,-3.00310
11989.58000,87.08326,67.41016,12.47068,24.58633
12018.58000,157.08782,97.81688,20.09506,31.74819
12047.08000,-75.25490,-15.56412,-20.13011,-4.71218
12076.08000,-134.39669,-40.55947,-24.07375,-7.56064
12104.58000,126.30995,92.40551,22.19833,30.77157
12133.58000,-68.61654,-13.76033,-11.54173,3.67045
12162.08000,131.74134,87.25183,20.53324,32.48065
12191.08000,-135.00018,-39.78642,-26.17703,-8.86280
12220.17000,167.76955,89.67406,25.43212,19.61373
12249.17500,-41.03716,154.86813,-114.61105,-155.11934
12277.67500,1420.00632,-19.06862,25.51976,19.77649
12306.67500,162.94165,89.41638,29.02522,22.78773
12335.17500,-112.85218,-44.06398,-18.73669,-20.18342
12364.17500,98.97197,55.14439,-158.07876,-15.78864
12392.67500,-12481.33048,-3430.54815,49.00634,155.03795
12421.67500,112.85218,67.51323,21.31320,-20.18342
12450.17500,-124.92193,-50.15356,-1026.58800,149.34339
12479.17500,142.60505,-1.05652,-2227.37463,278.13040
12507.67500,-2.17546,298.49760,4097.89577,-502.02166
12536.67500,133.97824,278.61019,4486.88299,-566.41516
12565.17500,-3.30070,3.91533,-3411.24877,525.79772
12594.17500,110.72334,224.54130,-1386.82399,190.95150
12622.67500,-26.29304,-50.21571,4211.20944,-569.38717
12651.67500,80.97957,144.92951,-2756.73550,446.04884
12680.17500,-21.79209,-63.88831,2841.29794,-356.39327
12709.17500,-65.30126,-143.43795,-3348.67257,483.19894
12737.67500,68.22688,126.90654,3754.57227,-502.51699
12766.67500,-52.54857,-102.42016,-1555.94887,247.91499
12795.17500,75.35338,130.63543,3737.65978,-495.08697
12824.17500,-30.79399,-67.61720,-2976.59784,438.61882
12852.67500,118.11239,215.15692,5192.13373,-698.17417
12881.67500,87.35591,161.08803,4380.33432,-574.34051
12910.17500,-40.17097,-94.96239,-1674.33628,265.25170
12939.17500,47.59753,69.73023,3111.89774,-373.72999
12967.67500,-56.29937,-131.62980,-3923.69715,584.74254
12996.67500,-50.67318,-115.47128,-4211.20944,626.84599
13025.18000,116.27451,217.33211,4551.15044,-641.21069
13054.18000,-22.87982,176.31433,-404.20846,44.82778
13082.68000,100.52119,-54.25534,5143.08751,-685.79081
13111.68000,-63.38836,-140.01980,3807.00098,-497.56364
13140.18000,93.01960,111.68024,-962.32055,161.23142
13169.18000,124.90132,232.86915,5565.89971,-772.47437
13197.68000,-50.26059,-99.00202,-1080.70796,183.52148
13226.68000,103.52182,180.66470,-2636.65683,384.13201
13255.18000,-43.13409,-102.73091,4754.10029,-648.64071
13284.18000,93.39468,155.80543,18.60374,27.49107
13312.68000,-10.50221,-44.93312,5075.43756,-703.12752
13341.68000,-36.38267,-106.45980,509.06588,-61.66916
13370.18000,108.77292,187.50099,6394.61160,-906.21472
13399.18000,-49.09785,-94.15446,5261.47493,-730.37093
13427.68000,85.55553,171.21818,-2861.59292,400.47806
13456.68000,-102.73415,-177.43299,2634.96559,-354.90727
13485.18000,58.92492,96.64039,-3707.21731,531.74173
13514.18000,98.68330,143.25150,3852.66470,-533.22774
13542.68000,-42.34642,-100.99076,-2793.94297,410.38475
13571.68000,-24.71771,-48.16482,-104.85742,36.40710
13600.18000,87.80601,173.08262,7116.77483,-964.16887
13629.18000,77.67887,146.98039,5476.26352,-746.22163
13657.68000,-91.48178,-166.24632,-2861.59292,412.86142
13686.68000,-35.59500,-73.64557,-1711.54376,259.30768
13715.18000,80.30442,156.92410,6491.01278,-862.62527
13744.18000,61.17539,118.39224,5679.21337,-746.22163
13772.68000,-100.85876,-209.12855,-2032.88102,323.70119
13801.68500,-91.10670,-166.86781,-2844.68043,440.10483
13830.18500,93.95730,172.52329,3362.20256,-485.42795
13859.18500,112.71125,216.02700,-1440.94395,-577.06485
13887.68500,-40.69608,-84.77009,4055.61455,200.61053
13916.68500,112.71125,202.97589,6220.41298,-886.64900
13945.18500,-35.06989,-71.71897,-662.96952,74.30020
13974.18500,-83.83017,-138.21750,-2303.48083,356.64094
14002.68500,53.44876,115.96846,5628.47591,-802.44211
14031.68500,-40.32100,144.55662,-240.15733,22.29006
14060.18500,76.32859,-77.31231,5865.25074,-824.73217
14089.18500,-37.32037,-69.85453,419.42970,-61.91683
14117.68500,78.20398,157.60773,7150.59980,-998.09930
14146.68500,100.33365,199.86848,1045.19174,-163.46043
14175.18500,-40.32100,-71.09749,7894.74926,-1136.79300
14204.18500,-25.69291,-40.64490,7877.83677,-1114.50294
14232.68500,106.33491,213.54107,1315.79154,-235.28395
14261.68500,94.70746,192.41070,6643.22517,-938.65914
14290.18500,-151.19437,-283.14701,-8921.33727,1232.39258
14319.18500,30.34390,66.74712,-245.23107,3.96268
14347.68500,-74.67824,-140.20625,-6063.12684,789.06808
14376.68500,54.72403,64.26120,-1564.40511,159.99309
14405.18500,-97.55806,-176.87366,-7196.26352,964.91188
14434.18500,-66.05142,-128.39810,-414.35595,36.15943
14462.68500,51.72340,99.68565,-7855.85054,1066.45548
14491.68500,34.09469,63.01823,-3052.70403,415.09043
14520.18500,-112.56122,-202.97589,-10020.64897,1395.85301
14549.18500,-132.81549,-243.37219,-4541.00295,1660.85704
14577.69000,19.84168,30.70119,-12016.32252,558.73747
14606.69000,-85.55553,-156.36477,-2849.75418,380.41700
14635.19000,59.97514,104.65750,-8735.29990,1205.14918
14664.19000,-80.30442,-152.01440,-8447.78761,1170.47575
14692.69000,71.22751,126.78224,3094.98525,-441.83850
14721.69000,9.71455,9.94371,321.33727,-35.66409
14750.19000,172.49886,316.33413,9115.83088,-1251.71063
14779.19000,131.99032,266.61560,8134.90659,-1105.58691
14807.69000,-18.41638,-18.02297,1505.21141,-199.12452
14836.69000,-0.03751,6.83630,4972.27139,-694.45916
14865.19000,94.48241,175.87929,507.37463,-75.29087
14894.19000,1.46281,-3.72889,-794.88692,112.93630
14922.69000,135.36603,242.37782,5039.92134,-704.36586
14951.69000,192.00297,354.86598,7221.63225,-999.08997
14980.19000,34.46976,39.15334,794.88692,-132.25435
15009.19000,118.48747,-18.64445,-591.93707,38.63610
15037.69000,0.71265,200.11707,4853.88397,-669.69243
15066.69000,109.86065,187.06596,5530.38348,-761.32934
15095.19000,-71.52757,-143.50010,-3411.24877,494.34397
15124.19000,-56.89949,-106.21120,-2261.19961,328.40687
15152.69000,70.62739,70.91105,2930.93412,-392.30503
15181.69000,-59.14997,-145.98602,-3411.24877,511.68068
15210.19000,102.50910,155.43254,3861.12094,-511.18535
15239.19000,-73.02789,-162.76603,-2278.11209,355.65027
15267.69000,126.13908,221.30959,5856.79449,-796.00276
15296.69000,114.88671,196.45033,4250.10816,-580.53220
15325.19500,-31.76920,-73.27268,-2717.83677,385.37035
15354.19500,-59.52505,-133.55639,-5051.76008,722.19790
15382.69500,83.00499,140.51699,1882.35988,-280.85474
15411.69500,-32.14427,-92.53861,-1178.80039,127.79634
15440.19500,116.76211,206.39403,3742.73353,-543.38210
15469.19500,95.00752,165.37625,3675.08358,-521.09204
15497.69500,-62.07558,-113.60683,-2721.21927,378.68333
15526.69500,-39.94592,-80.66831,2234.13963,-302.40180
15555.19500,221.10910,235.04433,-4141.86824,809.62447
15584.19500,209.85673,217.02137,-4226.43068,802.19445
15612.69500,-12.94023,-17.89867,3282.71386,-408.89874
15641.69500,79.70430,171.65321,4229.81318,-555.02246
15670.19500,-80.45446,-141.57350,-4902.93019,693.22083
15699.19500,59.07495,113.23394,695.10324,-77.02454
15727.69500,-96.20778,-183.83425,-6628.00393,943.36482
15756.69500,-63.20082,98.93987,1151.74041,-133.98802
15785.19500,52.32353,-129.76535,-5325.74238,757.61433
15814.19500,76.70367,141.20062,2690.77679,-332.12188
15842.69500,-81.95477,-195.64240,-4294.08063,606.53727
15871.69500,-77.82890,-154.00314,-4869.10521,698.17417
15900.19500,70.32732,126.90654,2031.18977,-245.43831
15929.19500,56.03681,104.34676,3766.41101,-504.25066
15957.69500,-68.86451,-129.95180,-4994.25762,694.45916
15986.69500,-36.23264,145.36454,-309.49853,124.82433
16015.19500,164.43466,-147.35328,-7683.34317,1261.61733
16044.19500,55.66173,-239.95404,-7920.11799,1318.58081
16072.69500,-124.37621,-0.68363,130.22616,-13.86937
16101.70000,35.03238,62.70749,1347.92527,-179.80647
16130.20000,-102.99671,-204.52959,-6347.25664,912.40640
16159.20000,-86.49323,-161.02588,-5670.75713,800.95611
16187.70000,77.79139,139.77121,1753.82498,-234.29328
16216.70000,-72.61530,-133.68069,-6347.25664,887.63967
16245.20000,65.78887,118.01935,1821.47493,-259.06002
16274.20000,44.78444,73.89416,282.43854,-55.97281
16302.70000,-83.86768,-164.75477,-5924.44444,833.15286
16331.70000,-99.62100,-190.85699,-7869.38053,1078.34351
16360.20000,127.22681,232.30982,5682.59587,-779.16139
16389.20000,-55.81176,-116.34135,4735.49656,-645.42103
16417.70000,161.73409,172.64758,-3297.93510,637.49568
16446.70000,145.98077,-74.08060,-3044.24779,592.91556
16475.20000,-37.05781,147.78832,4312.68437,-563.69082
16504.20000,85.21796,158.97499,270.59980,-26.25274
16532.70000,-39.68336,-77.18801,6494.39528,-878.22831
16561.70000,-14.55307,-34.92726,473.54966,-46.06612
16590.20000,112.59873,205.58611,5496.55851,-737.05794
16619.20000,145.60569,24.11349,8016.51917,-212.00323
16647.70000,14.32802,278.29945,1623.59882,-1088.74554
16676.70000,144.85553,281.40686,1488.29892,-209.52655
16705.20000,7.57660,25.35645,6748.08260,-927.76178
16734.20000,142.22998,285.75723,9132.74336,-1259.63599
16762.70000,-54.79905,-89.99053,-1561.02262,255.34501
16791.70000,-32.66939,-38.40756,5609.87217,-772.47437
16820.20000,198.37931,263.01101,-1730.14749,453.47886
16849.20000,145.11808,199.61988,-3370.65880,691.23949
16877.70500,-78.80411,-78.80386,5423.83481,-698.17417
16906.70500,-69.42713,-60.15942,2650.18682,-267.23304
16935.20500,45.72214,159.84506,7740.84562,-1010.23500
16964.20500,45.34706,200.86285,9465.91937,-1282.66905
16992.70500,-96.43282,-70.10312,3563.46116,-353.91660
17021.70500,-75.05332,-14.79126,8096.00787,-1047.38509
17050.20500,25.84295,185.94729,4764.24779,-527.28372
17079.20500,-137.69152,-126.65795,1094.23795,44.82778
17107.70500,22.46724,193.40507,8687.94494,-1089.48854
17136.70500,-181.20069,-182.59129,7301.12094,-846.77457
17165.20500,83.49260,156.24047,-715.39823,114.66997
17194.20500,-15.52827,-35.17586,-850.69813,146.86672
17222.70500,174.63681,266.86419,4679.68535,-752.16565
17251.70500,112.37368,187.31455,4104.66077,-546.60177
17280.20500,-86.04313,-102.29587,-2152.95969,515.89103
17309.20500,-118.29993,-170.03736,-2558.85939,580.28453
17337.70500,9.97710,82.28416,3834.06096,-502.02166
17366.70500,-78.54155,-92.97364,-969.08555,320.23384
17395.20500,9.60202,109.00787,4561.29794,-581.27520
17424.20500,21.60455,140.08195,434.65093,-764.54902
17452.70500,-80.41695,-56.92771,5795.90954,102.28660
17481.70500,-121.67564,-138.34180,-512.44838,327.66386
17510.20500,19.72916,165.56269,6100.33432,-779.40905
17539.20500,-149.05641,-152.63588,7690.10816,250.88699
17567.70500,62.11309,251.94863,-1256.59784,-1022.12303
17596.70500,-16.31594,-26.84800,-563.18584,107.48762
17625.21000,-133.71568,-259.28212,-5315.59489,989.18327
17654.21000,79.70430,6.09052,-1324.24779,407.16507
17682.71000,-18.94149,-207.07766,-7395.83088,1363.16093
17711.71000,105.58475,53.94460,1263.36283,1006.51999
17740.21000,-158.84598,-317.70139,-5518.54474,-93.12291
17769.21000,-195.22865,-386.68584,-6600.94395,1212.08386
17797.71000,-86.08064,-169.78877,-224.93609,159.49775
17826.71000,-78.95414,-155.49469,-1459.54769,298.19145
17855.21000,-172.34882,-351.26139,-6905.36873,1130.35365
17884.21000,-75.57843,-149.90136,-4791.30777,852.96625
17912.71000,-191.10278,-389.79325,-292.58604,142.16104
17941.71000,-197.47912,-380.47103,-3996.42085,845.53623
17970.21000,-70.70240,-126.28506,2633.27434,-236.76996
17999.21000,-145.34313,-283.51990,1659.11504,-258.06935
18027.71000,31.95674,76.50438,-3803.61849,608.76627
18056.71000,-62.56319,-121.12676,-1300.57030,210.02189
18085.21000,132.85300,80.23327,-7811.87807,1379.01163
18114.21000,148.60632,126.22291,-5207.35497,977.79058
18142.71000,-86.19317,-178.92455,779.66568,-116.89897
18171.71000,28.95610,53.50956,728.92822,-52.50547
18200.21000,-80.94206,-157.79417,-3651.40610,638.48635
18229.21000,-92.94459,-185.76085,-624.07080,801.94678
18257.71000,21.07944,32.37919,-5021.31760,78.75821
18286.71000,24.83023,46.05179,-6509.61652,1022.37069
18315.21000,-110.19822,-209.99863,289.20354,-64.88884
18344.21000,43.20911,88.93401,-3938.91839,-151.57240
18372.71000,-103.82188,-191.35418,1050.26549,628.57966
18401.71500,-130.07741,-242.31567,-4598.50541,801.94678
18430.21500,55.81176,101.11505,2103.91347,-336.08455
18459.21500,-43.58419,-79.11461,1782.57620,-301.41113
18487.71500,191.96546,160.77729,-6081.73058,1075.61917
18516.71500,184.08880,143.99728,-7214.86726,1278.70637
18545.21500,-68.33940,-149.96351,-1007.98427,211.26022
18574.21500,37.05781,61.34023,-4627.25664,748.69831
18602.71500,-59.71258,-118.88943,-162.35988,35.41643
18631.71500,-94.59494,-183.52351,-5168.45624,835.38187
18660.21500,33.30702,71.28394,294.27729,-24.02373
18689.21500,-10.57723,-21.31682,142.06490,20.55639
18717.71500,-127.60189,-249.40056,-4356.65683,756.12833
18746.71500,-141.47982,-293.52575,-500.60964,132.00668
18775.21500,-41.33371,-57.36275,-4796.38151,805.66179
18804.21500,-125.72650,-227.02722,-4187.53196,731.36159
18832.71500,62.30063,112.55031,2795.63422,-425.74012
18861.71500,-67.10164,-124.23417,3505.95870,-524.80705
18890.21500,241.21334,220.68811,-3461.98623,701.14618
18919.21500,229.58589,200.80070,-6320.19666,1176.66743
18947.71500,-56.59943,-142.25713,715.39823,10.15436
18976.71500,18.41638,-236.10085,-4595.12291,800.21311
19005.21500,-111.73605,13.73474,410.97345,-14.61237
19034.21500,18.41638,-168.98084,2034.57227,-267.23304
19062.71500,-89.23131,39.21549,-4341.43559,703.62285
19091.71500,2.28798,14.97771,918.34808,-106.24928
19120.21500,-146.24332,-260.96012,-4578.21042,782.87640
19149.21500,-166.87267,-62.08601,-282.43854,106.74461
19177.72000,-41.22119,-319.37939,-5762.08456,973.58023
19206.72000,-150.74427,-259.09567,-5457.65978,929.00012
19235.22000,22.54225,46.17608,600.39331,-99.80993
19264.22000,85.55553,160.52869,3018.87906,-471.31091
19292.72000,-46.84737,-98.62913,-4067.45329,717.49222
19321.72000,104.68456,125.10424,972.46804,-57.70649
19350.22000,-46.47229,-166.99210,-5606.48968,950.29950
19379.22000,42.04636,-186.87951,-4794.69027,769.50236
19407.72000,-96.35781,76.00720,803.34317,-65.13651
19436.72000,12.41512,38.71830,-4135.10324,672.91211
19465.22000,-115.48684,-205.52396,3018.87906,-379.67400
19494.22000,-25.09279,-40.83134,1192.33038,-67.61318
19522.72000,-151.11935,-266.42915,-3678.46608,660.52874
19551.72000,-142.86761,-280.10175,-4185.84071,705.10886
19580.22000,17.29114,48.66201,1818.09243,-238.50363
19609.22000,-136.11619,-237.21952,1395.28024,-127.05333
19637.72000,-3.33820,7.64422,-4507.17797,764.54902
19666.72000,-106.10986,-178.17877,-3932.15339,655.57539
19695.22000,111.84857,208.87996,5577.73845,-829.19019
19724.22000,133.97824,200.80070,-273.98230,136.71236
19752.72000,6.45136,-17.33934,6355.71288,-886.15367
19781.72000,102.84668,162.26884,-54.11996,59.93549
19810.22000,-17.55370,-31.01193,4782.85152,-678.11312
19839.22000,-23.55496,-31.01193,537.81711,-46.56146
19867.72000,87.84351,178.42736,7201.33727,-1019.89402
19896.72000,60.83782,124.35846,7657.97443,-1029.80071
19925.22000,-63.31334,-104.96824,1704.77876,-143.15171
19954.22500,25.58039,72.77549,6355.71288,-844.05022
19982.72500,-86.56824,-151.57936,1197.40413,-68.85151
20011.72500,-97.82062,-165.87343,301.04228,57.45882
20040.22500,41.70879,97.01328,5340.96362,-725.16991
20069.22500,-79.06666,-121.74824,4664.46411,-608.76627
20097.72500,81.57969,146.73180,-4207.82694,613.47195
20126.72500,29.44371,52.26660,26640.55064,-461.40422
20155.22500,184.35135,1912.98246,-2415.10324,355.89794
20184.22500,165.59740,249.89774,443.10718,-77.51987
20212.72500,-17.44118,-31.63341,-3937.22714,615.94862
20241.72500,127.33934,226.90293,2455.69322,-335.09388
20270.22500,-20.81689,-47.17045,-5476.26352,831.41919
20299.22500,85.70556,149.83921,-723.85447,103.27727
20327.72500,-50.07305,-93.16009,-5594.65093,831.41919
20356.72500,75.95351,149.83921,815.18191,-102.28660
20385.22500,-37.32037,-59.60008,-5019.62635,759.59567
20414.22500,84.20525,159.78292,-588.55457,28.97708
20442.72500,-47.07242,-72.65120,-4901.23894,697.67884
20471.72500,-78.57906,-137.28528,-4867.41396,759.59567
20500.22500,103.48431,189.80048,5657.22714,-810.11980
20529.22500,-170.69848,-13.42400,5606.48968,-807.64313
20557.72500,168.74806,245.11234,-2071.77974,282.09308
20586.72500,178.87520,283.64419,7077.87611,-958.72019
20615.22500,-11.66496,-23.98919,1158.50541,-119.12798
20644.22500,-22.16717,-40.76919,989.38053,-104.26794
20672.72500,125.61397,238.89752,8227.92527,-1134.56399
20701.73000,155.24522,299.18123,8870.59980,-1231.15424
20730.23000,-12.04004,-21.50326,566.56834,-59.68782
20759.23000,97.48305,180.47825,6722.71386,-921.57010
20787.73000,-56.29937,-103.53883,1361.45526,-131.51135
20816.73000,70.10227,131.38121,6164.60177,-832.40986
20845.23000,-69.05205,-135.23439,380.53097,9.65903
20874.23000,-84.80537,-153.87884,5386.62734,-703.62285
20902.73000,59.60006,112.05313,-1325.93904,184.51215
20931.73000,-118.18741,-150.21210,3477.20747,-471.80624
20960.23000,100.10860,163.01462,-3067.92527,481.71294
20989.23000,80.60449,128.83313,2225.68338,-300.91579
21017.73000,-55.17413,-123.48839,-2915.71288,451.99286
21046.73000,31.09405,58.60571,3629.41986,-484.18961
21075.23000,-88.93124,-163.88469,-1782.57620,286.05575
21104.23000,68.22688,113.91757,-1630.36382,261.28902
21132.73000,-44.67191,-96.14320,3443.38250,-434.65615
21161.73000,-66.05142,-139.02543,-1664.18879,293.48577
21190.23000,92.60702,168.60795,4948.59390,-637.74335
21219.23000,-30.79399,-71.90542,3240.43265,-402.45939
21247.73000,83.23004,144.37017,-2594.37561,395.02937
21276.73000,68.97704,-62.58320,2242.59587,-258.81235
21305.23000,-32.81942,118.88943,-3321.61259,516.38636
21334.23000,32.81942,67.99009,-2846.37168,398.49672
21362.73000,-89.08127,-154.50032,1922.94985,-277.63507
21391.73000,76.32859,99.06416,-2034.57227,381.16000
21420.23000,-64.70114,-138.96328,3597.28614,-421.28211
21449.23000,61.32542,-127.15513,-715.39823,173.11946
21477.73500,-68.07685,138.21750,7537.89577,-1013.20700
21506.73500,22.31720,61.15379,5305.44739,-701.14618
21535.23500,-117.58728,-194.27514,-1104.38545,205.31621
21564.23500,-102.95920,-181.84551,45.66372,51.76247
21592.73500,0.56262,26.35082,5390.00983,-688.76282
21621.73500,39.19576,90.98490,6878.30875,-906.71006
21650.23500,-79.70430,-145.79958,1178.80039,-116.65131
21679.23500,-104.08444,-168.79440,-258.76106,93.86591
21707.73500,7.68912,38.15897,5694.43461,-725.91291
21736.73500,67.92682,128.33595,4392.17306,-547.59244
21765.23500,-48.34769,-74.88853,-1180.49164,170.89045
21794.23500,-103.48431,-181.16188,-2381.27827,423.51112
21822.73500,110.31075,181.78336,2793.94297,-346.73425
21851.73500,80.30442,123.98558,1424.03147,-160.98376
21880.23500,-50.59816,-97.26187,-4951.97640,713.28188
21909.23500,50.67318,93.53298,-4309.30187,621.64497
21937.73500,-106.10986,-204.77818,1914.49361,-242.71397
21966.73500,-91.48178,-172.46114,-2093.76598,312.06082
21995.23500,66.80158,122.74261,4552.84169,-606.78493
22024.23500,64.17603,102.23372,4045.46706,-532.48474
22052.73500,-89.98146,-188.61966,-3311.46509,475.52125
22081.73500,-95.60765,-182.40484,1305.64405,-148.60039
22110.23500,49.92302,82.34631,-3396.02753,517.62470
22139.23500,-103.85939,-205.39966,-4224.73943,651.36505
22167.73500,115.89943,219.07226,4332.97935,-622.63564
22196.73500,-78.01644,5.28259,19232.88102,-545.85877
22225.23500,271.93231,1323.44503,-3632.80236,719.72123
22254.24000,273.80771,301.72931,-3886.48968,751.91798
22282.74000,-21.75458,-37.59964,2692.46804,-355.15494
22311.74000,-0.37508,0.31074,2979.98033,-407.16507
22340.24000,111.39848,215.34337,-1941.55359,273.92006
22369.24000,120.02530,237.71671,3149.10521,-426.97846
22397.74000,-37.88298,-60.59445,-6389.53786,895.56503
22426.74000,-33.00696,-45.05741,-4292.38938,605.79426
22455.24000,167.28526,322.23820,3977.81711,-563.19548
22484.24000,2.62555,-5.28259,5094.04130,-691.98249
22512.74000,147.03099,283.08486,-977.54179,137.70303
22541.74000,92.26945,181.78336,3859.42970,-516.13869
22570.24000,-93.88229,-174.51203,-3901.71091,542.39143
22599.24000,-78.87912,-146.54536,4706.74533,-636.50501
22627.74000,205.43080,189.67618,-4442.91052,678.60846
22656.74000,224.18475,224.47915,-2768.57424,589.44822
22685.24000,-9.11442,-21.62756,3150.79646,-423.51112
22714.24000,60.27520,113.85543,3742.73353,-505.24133
22742.74000,-37.24535,-91.85498,-958.93805,131.26368
22771.74000,-58.62486,-137.22313,-1973.68732,274.91072
22800.24000,59.90012,91.48209,4351.58309,-577.06485
22829.24000,104.90961,181.59692,7937.03048,-1042.67941
22857.74000,-45.87217,-106.14905,191.11111,7.43002
22886.74000,-63.87596,-142.81647,-772.90069,76.77687
22915.24000,125.53896,223.85767,7463.48083,-998.09930
22944.24000,121.78817,215.15692,5417.06981,-715.75855
22972.74000,-36.57021,-70.47601,-1914.49361,264.75636
23001.74500,65.45129,-94.71379,2127.59095,301.90646
23030.24500,-62.07558,161.95810,-2303.48083,-460.90888
23059.24500,-36.57021,158.85069,-6244.09046,-7.67769
23087.74500,174.97438,-117.70861,859.15438,1030.04838
23116.74500,105.58475,91.10920,2770.26549,-349.45859
23145.24500,-87.20588,-174.88492,-5466.11603,765.04435
23174.24500,-133.34060,-253.19160,-1525.50639,207.79288
23202.74500,16.31594,19.01734,-7867.68928,1077.10517
23231.74500,-110.08570,-221.49604,-7935.33923,1094.44188
23260.24500,62.07558,98.56698,2161.41593,-314.78516
23289.24500,23.44244,20.88178,1095.92920,-146.37139
23317.74500,-120.21284,-264.99975,-5821.27827,779.90439
23346.74500,9.56452,-12.67822,706.94199,-114.17463
23375.24500,-146.09329,-302.28864,-6751.46509,940.88815
23404.24500,-119.83776,-246.97678,-5466.11603,752.66098
23432.74500,126.32662,228.82952,5369.71485,-731.60926
23461.74500,-46.20974,26.84800,4490.26549,-620.15897
23490.24500,246.35192,295.32805,-2190.16716,511.68068
23519.24500,269.98190,341.31769,-532.74336,288.78009
23547.74500,44.18431,84.02431,5454.27729,-711.79588
23576.74500,143.58026,276.68360,-76.10619,8.91602
23605.24500,9.30196,39.89912,6570.50147,-900.02304
23634.24500,143.95534,283.51990,5454.27729,-748.94597
23662.74500,-33.83213,-40.27201,-515.83088,107.98295
23691.74500,-6.82644,7.58208,-668.04326,93.12291
23720.24500,159.70866,314.59398,5014.55261,-696.93584
23749.24500,95.19506,195.26951,-752.60570,-526.04539
23777.75000,-36.45768,-35.30015,3627.72861,145.13305
23806.75000,80.56698,182.21840,4456.44051,-585.48554
23835.25000,-75.01581,-139.83336,-3859.42970,548.83078
23864.25000,-102.02150,-189.55188,1214.31662,-152.06773
23892.75000,40.50854,44.12519,-4569.75418,667.71109
23921.75000,87.39342,-126.16076,-4130.02950,650.37438
23950.25000,-46.13472,133.61854,3429.85251,-469.08190
23979.25000,87.39342,178.36521,-3199.84267,449.76385
24007.75000,-70.88994,-118.70298,4275.47689,-575.57885
24036.75000,-85.14294,138.59039,3751.18977,-493.84863
24065.25000,73.14041,-157.85632,-3622.65487,531.49407
24094.25000,54.38646,103.78742,2634.96559,-337.81822
24122.75000,-90.76913,-173.39336,-5195.51622,739.53462
24151.75000,-78.39152,-153.50595,3785.01475,-521.09204
24180.25000,73.14041,121.81039,-2455.69322,353.17360
24209.25000,82.51739,139.21187,-3267.49263,481.96060
24237.75000,-69.01455,-140.45484,2465.84071,-320.48151
24266.75000,-6.56388,-10.13015,18366.96165,-376.70199
24295.25000,254.86621,1992.90499,-4650.93412,807.14779
24324.25000,250.74034,315.52620,-1014.74926,1042.43175
24352.75000,13.31531,14.10763,-6409.83284,168.16611
24381.75000,109.33554,193.71581,1183.87414,-148.84806
24410.25000,-46.69734,-84.08646,-4617.10914,638.73402
24439.25000,-81.95477,-152.44943,575.02458,-89.40790
24467.75000,83.83017,140.88987,-6477.48279,906.21472
24496.75000,76.32859,134.05358,-4972.27139,673.40744
24525.25000,-35.06989,-74.76423,794.88692,-106.74461
24554.25500,89.45635,142.13284,-3923.69715,539.66709
24582.75500,-11.06483,-40.58275,608.84956,-131.51135
24611.75500,140.09203,246.54174,-4921.53392,675.88411
24640.25500,-46.50980,-77.62305,1906.03736,-267.48070
24669.25500,-13.87792,-27.28304,2954.61160,-430.94114
24697.75500,215.29537,202.66514,-2575.77188,530.00806
24726.75500,281.68437,58.48142,2565.62439,824.73217
24755.25500,127.52688,323.23257,-4588.35792,-245.19065
24784.25500,-5.62619,-17.33934,-427.88594,89.16023
24812.75500,141.40480,239.33256,4595.12291,-626.59832
24841.75500,-1.50032,-1.18082,-766.13569,99.06693
24870.25500,101.64642,184.64218,4409.08555,-604.30826
24899.25500,137.65401,256.11256,6184.89676,-842.06889
24927.75500,-7.50158,-14.85341,-1002.91052,141.17037
24956.75500,-52.13599,-91.29564,2667.09931,-359.11761
24985.25500,49.51043,87.69105,-2778.72173,376.45433
25014.25500,-66.38899,-119.26232,-5755.31957,799.96544
25042.75500,74.64073,132.43773,1415.57522,-212.99389
25071.75500,44.25933,83.96216,-3125.42773,446.29651
25100.25500,-83.49260,-159.78292,3943.99213,-531.98940
25129.25500,-201.26742,-80.23327,3030.71780,-413.10909
25157.75500,198.56685,161.52306,-5679.21337,996.11796
25186.75500,212.06969,172.70973,3385.88004,391.80970
25215.25500,-48.98532,-103.22809,-2398.19076,-415.58576
25244.25500,68.78950,110.56157,1677.71878,-222.40525
25272.75500,-38.10803,-81.47624,-2973.21534,421.52978
25301.75500,-69.23959,-124.35846,-4055.61455,570.13017
25330.26000,81.54219,162.14455,3673.39233,-489.88596
25359.26000,73.29045,141.63565,-2922.47788,-445.30584
25387.76000,-77.49133,-136.78810,3250.58014,416.57643
25416.76000,-75.61594,-127.46587,-1992.29105,282.83608
25445.26000,55.66173,97.51046,3639.56735,-497.31598
25474.26000,-78.24149,-152.94662,-2567.31563,369.51964
25502.76000,53.37375,89.36905,2607.90560,-355.65027
25531.76000,-64.40107,-114.47691,14260.60964,-65.87951
25560.26000,237.16248,1567.25226,-5628.47591,1053.57678
25589.26000,246.16438,203.72166,-5493.17601,1001.56664
25617.76000,-51.64839,-123.17765,882.83186,-80.73955
25646.76000,54.12391,78.18238,-6727.78761,959.46320
25675.26000,-94.78248,-195.89100,1576.24385,-192.18984
25704.26000,-61.40044,-125.66358,2337.30580,-325.93019
25732.76000,97.63308,172.64758,-5121.10128,699.41251
25761.76000,-25.76793,-51.70727,-4258.56441,575.57885
25790.26000,79.25420,139.08758,2743.20551,-382.89368
25819.26000,-62.15060,-115.09839,-3176.16519,434.40848
25847.76000,95.75768,173.26907,1796.10619,-254.10667
25876.76000,98.75831,180.10536,-3649.71485,511.18535
25905.26000,-66.61404,-118.57869,3708.90855,-507.71800
25934.26000,-86.11815,-152.76017,-2785.48673,490.38129
25962.76000,81.91726,67.86579,2169.87217,-193.18051
25991.76000,192.19051,276.06212,6313.43166,-777.67538
26020.26000,8.02669,-13.54830,-2278.11209,388.83769
26049.26000,105.17217,203.34877,5873.70698,-822.25550
26077.76500,-67.36420,-103.04165,-603.77581,84.20689
26106.76500,-59.48754,-92.47646,-350.08850,61.91683
26135.26500,96.54535,189.05470,6161.21927,-849.49891
26164.26500,102.54661,196.51248,5975.18191,-824.73217
26192.76500,-55.36167,-87.50461,-1128.06293,156.03041
26221.76500,63.91347,132.49987,4097.89577,-572.11151
26250.26500,-70.73991,-121.68609,-1855.29990,212.99389
26279.26500,33.90715,69.73023,4554.53294,-626.59832
26307.76500,-80.56698,-144.92951,-2831.15044,405.92674
26336.76500,-112.07362,-204.59174,-4184.14946,-314.78516
26365.26500,54.83656,61.40238,2648.49558,604.06059
26394.26500,50.71069,-178.48951,-3896.63717,609.01394
26422.76500,-72.69032,45.86534,3544.85742,-446.04884
26451.76500,-108.32283,-185.32581,-2442.16323,388.59002
26480.26500,26.33055,52.08016,3460.29499,-448.52552
26509.26500,72.84035,123.55054,2360.98328,-290.01843
26537.76500,-65.18874,-120.69172,-3964.28712,586.72388
26566.76500,69.46464,121.68609,2851.44543,-371.74865
26595.26500,-58.81240,-108.88357,-4234.88692,611.49061
26624.26500,58.21227,108.01350,1667.57129,-195.90485
26652.76500,-109.07299,-223.23618,-3051.01278,472.79691
26681.76500,59.71258,105.52757,-2205.38840,334.10321
26710.26500,-63.31334,-117.58432,3443.38250,-428.71213
26739.26500,76.59114,147.97476,3763.02852,-509.45168
26767.76500,-30.68147,-51.52082,-2291.64208,317.75717
26796.76500,25.58039,51.02364,-2596.06686,369.76731
26825.26500,-760.96038,-364.74754,20590.95379,-4127.87121
26854.27000,-748.95785,-359.77569,16667.25664,-3583.00311
26882.77000,17.70373,30.51475,-4811.60275,679.35146
26911.77000,46.58482,91.41994,3001.96657,-398.00138
26940.27000,-67.43921,-122.36972,-4050.54081,567.90116
26969.27000,25.58039,44.18734,820.25565,-115.66064
26997.77000,-101.94649,-196.94751,-4929.99017,689.25815
27026.77000,4.57596,-3.66674,-752.60570,728.88492
27055.27000,-115.07425,-226.15715,-5200.58997,79.99654
27084.27000,53.33624,90.17698,972.46804,-160.24076
27112.77000,-104.57204,-185.76085,-5978.56441,825.47518
27141.77000,-97.44554,-174.57418,-5860.17699,822.99850
27170.27000,45.64712,75.51001,1383.44149,-193.67584
27199.27000,59.90012,102.85520,-4214.59194,598.85958
27227.77000,-794.52995,-390.60118,22676.26352,-4473.36712
27256.77000,-830.91262,-452.74933,21644.60177,-4334.67342
27285.27000,58.39981,97.88335,-3555.00492,512.17602
27314.27000,54.27394,87.93964,3649.71485,-495.82997
27342.77000,-65.37628,-120.25669,-2303.48083,343.76224
27371.77000,-91.25673,-161.27447,-1728.45624,269.46204
27400.27000,76.02852,127.09298,3294.55261,-438.86649
27429.27000,71.52757,126.47150,4275.47689,-580.03686
27457.77000,-127.63940,-252.01078,-5077.12881,727.64658
27486.77000,-137.76654,-263.19745,-5280.07866,749.93664
27515.27000,54.27394,98.50483,3649.71485,-493.35330
27544.27000,56.14933,-80.23327,4427.68928,-594.89690
27572.77000,-52.06097,95.02453,-2924.16912,388.83769
27601.77000,59.71258,113.66898,-4581.59292,629.07499
27630.27500,-801.84399,-325.09702,21751.15044,-4401.04827
27659.27500,-812.72129,-364.25036,21294.51327,-4368.85151
27687.77500,32.70689,56.49268,-3177.85644,443.32450
27716.77500,95.72017,182.03196,3045.93904,-428.46446
27745.27500,-49.43542,-88.31253,-3752.88102,510.19468
27774.27500,75.46590,144.12158,2656.95182,-369.02431
27802.77500,-44.18431,-69.04660,-3566.84366,473.04458
27831.77500,86.71828,182.03196,1963.53982,-294.72411
27860.27500,-73.81556,-118.14365,-5477.95477,752.90865
27889.27500,-65.18874,-114.41476,-4446.29302,567.15816
27917.77500,119.72523,234.85789,3823.91347,-527.53139
27946.77500,74.34067,163.38751,1439.25270,-200.61053
27975.27500,-100.63371,-187.43885,-4762.55654,670.18777
28004.27500,10.76477,22.00045,-5066.98132,704.86119
28032.77500,-829.41230,-348.40258,22500.37365,-4550.63933
28061.77500,-868.42052,-402.47147,23734.98525,-4753.72653
28090.27500,5.88874,13.29971,-2716.14553,377.94033
28119.27500,-78.12897,-138.96328,-3189.69518,447.28718
28147.77500,36.64522,74.20490,4285.62439,-590.43889
28176.77500,45.27204,93.47083,-771.20944,107.98295
28205.27500,-66.87659,-126.53365,5148.16126,-689.50582
28234.27500,23.14238,44.99527,2763.50049,-357.63161
28262.77500,-120.51290,-212.91959,-4711.81908,675.14111
28291.77500,25.76793,39.40193,1038.42675,-166.92777
28320.27500,-81.12960,-144.55662,-3663.24484,509.20401
28349.27500,-103.25926,-181.22403,-4238.26942,593.41090
28377.78000,26.25553,48.84845,1938.17109,-271.69105
28406.78000,-53.26123,-83.52712,-74.41495,10.64969
28435.28000,50.63567,101.05291,4390.48181,-588.70522
28464.28000,16.87856,42.01216,382.22222,-43.83712
28492.78000,-923.81970,-447.09385,25869.34120,-5118.54049
28521.78000,-869.43324,-341.44198,24939.15438,-4994.70683
28550.28000,60.38773,132.12698,-2864.97542,421.77744
28579.28000,76.51613,144.55662,3494.11996,-499.54498
28607.78000,-108.77292,-205.95900,-3778.24975,550.56445
28636.78000,-24.00506,-44.99527,-91.32743,35.41643
28665.28000,-161.65907,-289.85901,-5368.02360,790.80175
28694.28000,-124.15117,-215.28122,-3186.31268,471.31091
28722.78000,23.62998,39.52623,2902.18289,-388.09469
